JYCSM-WB-001	Baba Biswanath Digital Dreams	Biswajit Das	Gopalpur Bazar,Akuni,Chanditala,712701	Hooghly	West Bengal	All Type Of Computer Courses
JYCSM-WB-002	Natunhat Modern Computer Center	Md Yead Ali Molla	Chunarpukur,Bakultala,743338	South 24 Parganas	West Bengal	All Type Of Computer Courses
JYCSM-WB-003	Jatiya Yuva Computer Shaksharta Mission,Melatala	Sumonta Majhi	Melatala Bazar,713125.	Purba Bardhaman	West Bengal	All Type Of Computer Courses
JYCSM-WB-004	Roynagar Yuva Computer Academy	Trisha Acharya	Nabo Raynagar rail bajar,Naserkuli,Ranaghat,741238	Nadia	West Bengal	All Type Of Computer Courses
JYCSM-OD-005	Jatiya Yuva Computer Shaksharta Mission,R.Udayagiri	Monoj Kumar Sabat	High School Road,R.Udayagiri,761016	Gajapati	Odisha	All Type Of Computer Courses
JYCSM-WB-007	Fast Future Computer Academy	Sujata Mondal	4th floor, E/15 West Chowbaga,Gulshan Colony,700100	Kolkata	West Bengal	All Type Of Computer Courses
JYCSM-AS-008	Jatiya Yuva Computer Shaksharata Mission,Kabirali	Rubul Khakhlari	Kabirali,784525	Udalguri	Assam	All Type Of Computer Courses
JYCSM-WB-009	Vivekananda Study Center	Milan Manna	Purba Dakshin Moyna,Moyna,721629	Purba Medinipur	West Bengal	All Type Of Computer Courses
JYCSM-WB-010	Duttapulia Computer Traning And Art Centre	Shipra Saha	Duttapulia,741504	Nadia	West Bengal	All Type Of Computer Courses
JYCSM-WB-011	Diamond Harbour Main JYCSM	Kalyan Halder	Diamond Harbour,743331	South 24 Parganas	West Bengal	All Type Of Computer Courses
JYCSM-WB-012	Shimurali JYCSM Skill Development	Anup Sarkar	Shimurali,Sutergachi,JYCSM Building,741248	Nadia	West Bengal	All Type Of Computer & University Courses
JYCSM-WB-013	Hatgobindapur National Computer Institute	Palash Ghosh	Hatgobindapur,Near Bus Stand,713407	Purba Bardhaman	West Bengal	All Type Of Computer Courses
JYCSM-WB-014	Liza Computer Training Center.	Falguni Das.	Parbatipur,721658	Purba Medinipur	West Bengal	All Type Of Computer Courses
JYCSM-WB-015	Abacus Computer Training Centre	Nishit Ranjan Das	Contai,721401	Purba Medinipur	West Bengal	All Type Of Computer Courses
JYCSM-WB-016	GSN Computer Academy	Anindita Mahapatra Samanta	Ghasipur,Mahishadal,721628	Purba Medinipur	West Bengal	All Type Of Computer Courses
JYCSM-WB-017	Jatiya Yuva Computer Shaksharata Mission,Helencha	Md Shaharuk Biswas	Helencha, Bagdah,743270	North 24 Parganas	West Bengal	All Type Of Computer Courses
JYCSM-WB-018	App Tech	Subrato Baital	Sarada palli,712123	Hooghly	West Bengal	All Type Of Computer Courses
JYCSM-WB-019	Jatiya Yuva Computer Center,Soulan	Atanu Dasthakur	Soulan,Hat Sarberia, Near ICDS School,721146	Paschim Medinipur	West Bengal	All Type Of Computer Courses
JYCSM-WB-020	Halisahar Jatiya Yuva Computer Training Centre	Jayanta Sur	Halisahar,Jetia Bazar,743135	North 24 Parganas	West Bengal	All Type Of Computer Courses
JYCSM-BR-021	BYTE-Computer Learning Centre	Shubham Kumar	Malakar House Suryapura, Near Suryapura Bikrampur Pul, Bhagwanpur 851120.	Begusarai	Bihar	All Type Of Computer Courses
JYCSM-WB-022	Jatiya Yuva Computer Shaksharta Mission Ranaghat	Chiranjib Adhikary	Ranaghat,Chabi Gate,Durgadas park.741201	Nadia	West Bengal	All Type Of Computer Courses
JYCSM-WB-023	Anwesha Foundation	Ripon Khan	Nahata,Gopalnagar,743290	North 24 Parganas	West Bengal	All Type Of Computer Courses
JYCSM-WB-024	DG Computer	Arghya Das Gupta	Shyamnagar	North 24 Parganas	West Bengal	All Type Of Computer Courses
JYCSM-WB-025	IT Computer Academy	Siddheswar Roy & Sarmila Roy	Deorah,Sosati,Shyampur,711312	Howrah	West Bengal	All Type Of Computer Courses
JYCSM-WB-026	Jatiya Yuva Computer Shaksharata Mission, Mohana Hat	Monjurul Mondal	Chak Bhagaban,Mahipur,Kumarganj,733141	Dakshin Dinajpur	West Bengal	All Type Of Computer Courses
JYCSM-WB-027	Barabazar Jatiya Yuva Computer Traning Centre	Soma Mahanty	Nilmohanpur,Barabazar,Barabhum,Barabazar,723127	Purulia	West Bengal	All Type Of Computer Courses
JYCSM-WB-028	Golghar Success Computer Institute	Priyanka Das & Sudeshna Paul	Jagatdal,743125	North 24 Parganas	West Bengal	All Type Of Computer Courses
JYCSM-WB-029	Vidyasagar Modern Computer Technical Institute	Sridam Bhukta	Khukurdaha,721641	Paschim Medinipur	West Bengal	All Type Of Computer Courses
JYCSM-WB-030	Jatiya Yuva Computer Center,Dakshin Durgapur	Kripasindhu Purkait	Dakshin Durgapur,Kultali,743349	South 24 Parganas	West Bengal	All Type Of Computer Courses
JYCSM-WB-031	Jatiya Yuva Computer Training Center,Daulat Nagar	Manoj Mandal	Daulat Nagar,Harishchandrapur,732125	Malda	West Bengal	All Type Of Computer Courses
JYCSM-WB-032	Apex Computer Academy	Purnendu Das	Garia,Abantipur,700152	South 24 Parganas	West Bengal	All Type Of Computer Courses
JYCSM-WB-033	Anuska Digital Hub	Supravat Mandal	Shyamnager,Fulberia,Near Shyamnager Bus Stand, 721127	Paschim Medinipur	West Bengal	All Type Of Computer Courses
JYCSM-WB-034	Naihati Jatiya Yuva Computer Training Center	Samiran Paul	1B,Bijaynagar(Near Balai Bag),Naihati,743165	North 24 Parganas	West Bengal	All Type Of Computer Courses
JYCSM-ML-035	Technohut Computer Education	Sobiyal Hoque	Bhangarpar,Paham,794104	West Garo Hills	Meghalaya	All Type Of Computer Courses
JYCSM-WB-036	Sahitya Computer	Md. A. H. Mondal	Nagarukhra 22 no. Bus Stand.741257	Nadia	West Bengal	All Type Of Computer Courses
JYCSM-WB-037	Jatiya Yuva Computer Shaksharta Mission Tarangapur	Smita Deb Sharma	Tarangapur,Kaliaganj,733129	Uttar Dinajpur	West Bengal	All Type Of Computer Courses
JYCSM-WB-038	Karmakar Computer Training Centre	Sandip Karmakar	Ghatal,Konnagar,ShashthiTala ,near Ananda Marga Primary School,721212	Paschim Medinipur	West Bengal	All Type Of Computer Courses
JYCSM-WB-039	Jatiya Yuva Computer Shaksharata Mission,Pandaveswar	Abhijit Bauri	Kendra,713346	Paschim Bardhaman	West Bengal	All Type Of Computer Courses
JYCSM-WB-040	Jatiya Yuva Computer Shaksharata Mission,Sutia Bazar	Timir Majumdar & Suman Debnath	Sutia Bazar, 743273	North 24 Parganas	West Bengal	All Type Of Computer Courses
JYCSM-WB-041	Durgapur Exact Computer Education Centre.	Sudip Kumar Saha	1/4 Sarada Pally,Benachity,Durgapur-13	Paschim Bardhaman	West Bengal	All Type Of Computer Courses
JYCSM-WB-042	Kalaikunda Jatiya Yuva Computer Shaksharta Mission	Ujjal Bhattacharya	Salika,Hariatara,721304	Paschim Medinipur	West Bengal	All Type Of Computer Courses
JYCSM-WB-043	Daulatnagar IT Institute	Sk Saddam	Daulatnagar,Harishchandrapur,732125	Malda	West Bengal	All Type Of Computer Courses
JYCSM-WB-044	Jatiya Yuva Computer Shaksharata Mission,Krishnapur	Akash Bar	Krishnapur,700102	Kolkata	West Bengal	All Type Of Computer Courses
JYCSM-WB-045	Jatiya Yuva Computer Shaksharta Mission,Haldia	Santanu Bhowmik	Brajanathchak,Haldia Township,Haldia,721607	Purba Medinipur	West Bengal	All Type Of Computer Courses
JYCSM-WB-046	Jatiya Yuva Computer Shaksharata Mission,N.S Dutta Road	Amitava Sengupta	144/1, Narasingha Dutta Rd,711101	Howrah	West Bengal	All Type Of Computer Courses
JYCSM-WB-047	Khatra Computer Training Institute.	Kusum Dutta	Khatra,722140	Bankura	West Bengal	All Type Of Computer Courses
JYCSM-WB-048	Radiant Academy	Rohit Saha & Rejuana Pervin	Purba College Para Raiganj ,Land Mark- Raiganj University, 733134	Uttar Dinajpur	West Bengal	All Type Of Computer Courses
JYCSM-WB-049	Discovery Computer Center	Susanta Biswas	Debipur R.S,Alipur Rajbagan,713146	Purba Bardhaman	West Bengal	All Type Of Computer Courses
JYCSM-WB-050	MobileZ Technical Institute	Bimalesh Mondal	Bagnan Muralibar Near Bondhan bank,711303	Howrah	West Bengal	All Type Of Computer Courses
JYCSM-WB-051	Chandrakona Road Jatiya Yuva Computer Shaksharta Mission	Manik Rakshit	Durlavganj,Satbankura,721253	Paschim Medinipur	West Bengal	All Type Of Computer Courses
JYCSM-WB-052	Jatiya Yuva Computer Shaksharta Mission Hemtabad	Silpi Sarkar Sen	Hemtabad,733130	Uttar Dinajpur	West Bengal	All Type Of Computer Courses
JYCSM-WB-053	Bhutsahar Jatiya Yuva Computer Shaksharta Mission	Debkumar Giri & Rakhi Giri	Bhutsahar (Near Girl High School) ,Simlapal,721121	Bankura	West Bengal	All Type Of Computer Courses
JYCSM-WB-054	Jatiya Yuva Computer Shaksharta Mission.Dum Dum Cantonment	Nirjhar Modak	Dum Dum Cantonment,700065	Kolkata	West Bengal	All Type Of Computer Courses
JYCSM-ML-055	Jatiya Yuva Computer Shaksharata Mission,Pathorkata	Tasrul Islam	Pathorkata,Paham,794104	West Garo Hills	Meghalaya	All Type Of Computer Courses
JYCSM-WB-056	Jhawkhola Jatiya Yuva Computer Centre.	Payal Sarkar	Jhawkhola More,Cossimbazar,742102	Murshidabad	West Bengal	All Type Of Computer Courses
JYCSM-WB-057	Institute of Digital Technology	Krishnashis Mukherjee	Baidyadanga,Rasulpur,733151	Purba Bardhaman	West Bengal	All Type Of Computer Courses
JYCSM-WB-058	Memari Jatiya Yuva Computer Shaksharta Mission	Gobinda Kundu	Memari,Nabapally,713146	Purba Bardhaman	West Bengal	All Type Of Computer Courses
JYCSM-WB-059	Jatiya Yuva Computer Shaksharta Mission,Khurigachi	Krishnadas Paul	Khurigachi,58 Gate Bus Stop,Shyampur,711315	Howrah	West Bengal	All Type Of Computer Courses
JYCSM-WB-060	Printneed Computer	Kusum Debnath	Bijoypally,Bhawanipur, Kharagpur,721301	Paschim Medinipur	West Bengal	All Type Of Computer Courses
JYCSM-WB-061	Jatiya Yuva Computer Shaksharata Mission,Ankro	Arjun Mahato	Ankro,Boro,723129	Purulia	West Bengal	All Type Of Computer Courses
JYCSM-WB-062	Institute of Vocational and Technical Education	Sujay Mondal	Diamond Harbour,743331	South 24 Parganas	West Bengal	All Type Of Computer Courses
JYCSM-WB-063	Subhasgram Jatiya Yuva Computer Shaksharta Mission	Sourav Chakraborty	199, R N C Road(West),Subhasgram,Sonarpur,700147	South 24 Parganas	West Bengal	All Type Of Computer Courses
JYCSM-OD-064	Afroz IT Solution	Mohammed Afroz Khan	Kumbharpada,Near Urdu School,768001	Sambalpur	Odisha	All Type Of Computer Courses
JYCSM-WB-065	Jatiya Yuva Computer Shaksharata Mission,Balarampur	Subrata Das	Borgachia, Balarampur,NearHigh School,742165	Murshidabad	West Bengal	All Type Of Computer Courses
JYCSM-WB-066	Jatiya Yuva Computer Shaksharta Mission,Kenjakura	Somnath Maji	Kenjakura,722139	Bankura	West Bengal	All Type Of Computer Courses
JYCSM-AS-067	Jatiya Yuva Computer Shaksharta Mission,Fakirganj	Shirazul Hoque	Borkalia Shershow,Fakirganj,783330	Dhubri	Assam	All Type Of Computer Courses
JYCSM-WB-068	Cyfie Academy	Kalyan Mondal	Katwa Subodh Smriti Road,Near Sriram Complex. 713130	Purba Bardhaman	West Bengal	All Type Of Computer Courses
JYCSM-WB-069	Nath Computer Training Centre	Arghya Nath	Paschim Nischintapur,Purba Nischintapur,Budge Budge,700138	South 24 Parganas	West Bengal	All Type Of Computer Courses
JYCSM-WB-070	Pragati Computer Center	Himanish Barman	Belakoba College Road,Prasannanagar,Rajganj,735133	Jalpaiguri	West Bengal	All Type Of University Courses
JYCSM-WB-071	Jatiya Yuva Computer Shaksharata Mission,Chapra	Rajesh Biswas	Chapra,741123	Nadia	West Bengal	All Type Of Computer Courses
JYCSM-WB-072	Jatiya Yuva Computer Shaksharata Mission,Nayarhat	Moumita Khatun	Nayarhat main Road,Bhabani Prosad,736135,	Cooch Behar	West Bengal	All Type Of Computer Courses
JYCSM-WB-073	Alordisha Computer	Iyayut Khan	Narayanpur,731223	Birbhum	West Bengal	All Type Of Computer Courses
JYCSM-WB-074	Haripur Jatiya Yuva Computer Shaksharata Mission	Sankar Bhunia	Haripur,Belda,721443	Paschim Medinipur	West Bengal	All Type Of Computer Courses
JYCSM-WB-075	Deep Computer Training Institute	Samir Kumar Adhikary	Chak-kamala,Deulty,Bagnan,711303	Howrah	West Bengal	All Type Of Computer Courses
JYCSM-WB-076	Bagha Jatin Jatiya Yuva Computer Shaksharta Mission	Moumita Pramanik	4/39 Vidyasagar Colony,Naktala (Near 4 no Vidyasagar Club), Kolkata - 47	South 24 Parganas	West Bengal	All Type Of Computer Courses
JYCSM-WB-077	Jatiya Yuva Computer Shaksharta Mission Khagraghat	Hanif Shaikh	Khagraghat Station Road, P.O-Radharghat, P.S-Berhampore	Murshidabad	West Bengal	All Type Of Computer Courses
JYCSM-JHK-078	Computer Parshikshan Sansthan	Irfan Alam	1st Floor Baijnath Sundri Bhawan, Purulia Road Kanta toli, 834001	Ranchi	Jharkhand	All Type Of Computer Courses
JYCSM-KL-079	Jatiya Yuva Computer Shaksharata Mission,Pattom	John Varghese	TC.1904/2,71K Opposite St.Mays School & Cathedral Near Spring Garden medical Centre,Pattom,695004	Thiruvananthapuram	Kerala	All Type Of Computer Courses
JYCSM-WB-080	Jatiya Yuva Computer Shaksharta Mission Matiari.	Ritwik Dey	Matiari,Pitulitala,741153	Nadia	West Bengal	All Type Of Computer Courses
JYCSM-WB-081	Digiview Computer Institute	Prabhat Saha	Daudpur,Ajmatpur,Tapan,733127	Dakshin Dinajpur	West Bengal	All Type Of Computer Courses
JYCSM-WB-082	Jatiya Yuva Computer Shaksharta Mission Kotulpur	Kartick Roy	Netaji More,Vivakananda Palli,Kotalpur.	Bankura	West Bengal	All Type Of Computer Courses
JYCSM-AS-083	Smart Computer Centre	Sk Shamsul Alom	Jhagrarpar Part II,Jhagrarpar,783325	Dhubri	Assam	All Type Of Computer Courses
JYCSM-WB-084	Rainbow Child Academy.	Bikramaditya Gayen & Sahil Saikh	Kumarhat,743387	South 24 Parganas	West Bengal	All Type Of Computer Courses
JYCSM-WB-085	Jatiya Yuva Computer Shaksharta Mission,Satpalsa	Gopal Chandra Mandal	Satpalsa,Mayureswar, 731234	Birbhum	West Bengal	All Type Of Computer Courses
JYCSM-NL-086	Oxford Academy of Computer Science and Technology	Mr.A.Zinghat Konyak	Tizit Town,Mon,Tizit,798602	Mon	Nagaland	All Type Of Computer Courses
JYCSM-WB-087	Sagar Infotech Computer Center	Sagar Biswas	Gaighata,743249	North 24 Parganas	West Bengal	All Type Of Computer Courses
JYCSM-WB-088	Jatiya Yuva Computer Shaksharta Mission,Dasnagar.	Saikat Mondal	Kashipur,Dasnagar,711105	Howrah	West Bengal	All Type Of Computer Courses
JYCSM-WB-089	Computer Learning Point.	Debkumar Dewan	Beurgram,Irhpala,721222	Paschim Medinipur	West Bengal	All Type Of Computer Courses
JYCSM-AS-090	Minu Cutting & Stitching Training Centre	Arpana Basumatary	Rajapara Ward no 3, Gossaigaon,783360	Kokrajhar	Assam	All Type Of Computer Courses
JYCSM-WB-091	Jatiya Yuva Computer Shaksharata Mission,Iswarpur	Subhadip Metia	Iswarpur,Chandipur,721659	Alipurduar	West Bengal	All Type Of Computer Courses
JYCSM-AS-092	Cyberox Computer	Jitu Barman	Near CanAara Bank,Hathinapur,Bajali,781325	Barpeta	Assam	All Type Of Computer Courses
JYCSM-WB-093	Charkaboni Jatiya Yuva Computer Shaksharta Mission	Sunanda Shit	Charkaboni,Kharagpur,721513	Paschim Medinipur	West Bengal	All Type Of Computer Courses
JYCSM-WB-094	Stimulus Computer Training & Study Centre	Indrajit Bera	Mahishadal,721628	Purba Medinipur	West Bengal	All Type Of Computer Courses
JYCSM-AS-095	Jatiya Yuva Computer Shaksharata Mission,College road Lala	Mahfus Siddique Laskar	College road Lala,788163	Hailakandi	Assam	All Type Of Computer Courses
JYCSM-BR-096	Jatiya Yuva Computer Shaksharata Mission,Thakurganj	Md Mustaquim Alam	Thakurganj,855116	Kishanganj	Bihar	All Type Of Computer Courses
JYCSM-AS-097	Jatiya Yuva Computer Center,Bidya Nagar	Abdul Zalil Talukdar	GP Road,Bidya Nagar.788738.	Karimganj	Assam	All Type Of Computer Courses
JYCSM-WB-098	Jatiya Yuva Computer Shaksharata Mission,Chaitpur	Amit Kumar Das	Chaitpur,742161	Murshidabad	West Bengal	All Type Of Computer Courses
JYCSM-WB-099	N.M.S.Computer Centre & Research Study Centre	Nazir Uddin Mondal	Raigram,Monteswar,713422	Purba Bardhaman	West Bengal	All Type Of Computer Courses
JYCSM-WB-100	Jatiya Yuva Computer Shaksharata Mission,Sherpur	Rajibul Islam Sardar	Sherpur,743513	South 24 Parganas	West Bengal	All Type Of Computer Courses
JYCSM-WB-101	Jatiya Yuva Computer Shaksharta Mission,Kestopur	Barnamoy Chatterjee	AD 369,Rabindrapally,Kestopur,700101	Kolkata	West Bengal	All Type Of Computer Courses
JYCSM-WB-102	Jatiya Yuva Computer Shaksharata Mission,Nimtita	Dulal Sarkar	Near Nimtita Railway Station,Dafahat,Suti-ii,742224	Murshidabad	West Bengal	All Type Of Computer Courses
JYCSM-WB-103	Jatiya Yuva Computer Centre,Durgapur	Jiarul Mallick	Arrah,Kaliganj,Durgapur 12,713212	Paschim Bardhaman	West Bengal	All Type Of Computer Courses
JYCSM-WB-104	Rajapur Computer Academy	Buddhadeb Khanra	Rajapur,Jonka,Udaynarayanpur,711226	Howrah	West Bengal	All Type Of Computer Courses
JYCSM-WB-105	Prime Study Academy	Sovan Mukherjee	Rupnarayanpur,713364	Paschim Bardhaman	West Bengal	All Type Of Computer Courses
JYCSM-WB-106	Universal Computer Network	Bhabatosh Pal	Bolpur,Bandhgora,731204	Birbhum	West Bengal	All Type Of Computer Courses
JYCSM-WB-107	Jamtala Jatiya Yuva Computer Shaksharta Mission	Sk Ali Ahamed	Jamtala Chawk Main Road,Ajodhyanagar,721150	Paschim Medinipur	West Bengal	All Type Of Computer Courses
JYCSM-WB-108	TECHS	Susanta Bera	Ashanda,Dihibhursut,Udaynarayanpur,712408	Howrah	West Bengal	All Type Of Computer Courses
JYCSM-WB-109	Saha Multimedia Centre (SMC)	Joydeb Saha	Palta,Nabapally,743122	North 24 Parganas	West Bengal	All Type Of Computer Courses
JYCSM-WB-110	Smart Solution Inc	Bibhash Maitra	Nalagola,Bamangola,733124	Malda	West Bengal	All Type Of Computer Courses
JYCSM-AS-111	Shining Computer & IT Institute	Tazim Uddin	Kalacherra New Market,Kalacherra,Chantilla,Sribhumi,788736	Karimganj	Assam	All Type Of Computer Courses
JYCSM-WB-112	One Stop Solution Training Academy	Rahul Sengupta.	54/3/1,Andul Road. Ground Floor.Danesh Sekh Lane,711109	Howrah	West Bengal	All Type Of Computer & Vocational Courses
JYCSM-WB-113	Singot Jatiya Yuva Computer Academy	Bappa Dalui	Singot,Mathrun,Mongalkote,713132	Purba Bardhaman	West Bengal	All Type Of Computer Courses
JYCSM-WB-114	Santipur Jatiya Yuva Computer Shaksharta Mission	Sourav Das	Sutragarh,Santipur	Nadia	West Bengal	All Type Of Computer Courses
JYCSM-WB-115	Jatiya Yuva Computer Shaksharata Mission,Bhanderhati	Mathura Ghosh & Susmita Ghosh	Bhanderhati Bazar,712301	Hooghly	West Bengal	All Type Of Computer Courses
JYCSM-WB-116	Jatiya Yuva Computer Shaksharata Mission,Satgachia	Shyama Prosad Pal & Koushik Mondal	Satgachia,713422	Purba Bardhaman	West Bengal	All Type Of Computer Courses
JYCSM-WB-117	Jatiya Yuva Computer Shaksharta Mission, Dumurjala	Subrata Kumar Maity	65/15 Thakur Ramkrishna Lane,Howrah,711104	Howrah	West Bengal	All Type Of Computer Courses
JYCSM-WB-120	Jatiya Yuva Computer Shaksharta Mission,Nagartala	Paritosh Mondal	South Nagartala,Jibantala,743376	South 24 Parganas	West Bengal	All Type Of Computer Courses
JYCSM-WB-124	Lalgarh Jatiya Yuva Computer Training Institute	Satyam Das	Happy Home School,Lalgarh,Jhargram,721516	Jhargram	West Bengal	All Type Of Computer Courses
JYCSM-WB-126	Fastech Skills	Trithankar Sinha	Old College Road(Near Islampur College),Islampur,733 202	Uttar Dinajpur	West Bengal	All Type Of Computer Courses
JYCSM-WB-131	Jatiya Yuva Computer Shaksharta Mission,Bantra	Supriyo Bar	15/1,Kali Prasad Banerjee 1st Bye Lane,711101	Howrah	West Bengal	All Type Of Computer Courses
JYCSM-WB-133	Jatiya Yuva Computer Shaksharta Mission Shyamsundar	Abhijit Sain	Shyamsundar,713424	Purba Bardhaman	West Bengal	All Type Of Computer Courses
JYCSM-AS-137	eKakshya Institute	Imtiyazur Rahman	Dalgaon,784116	Darrang	Assam	All Type Of Computer Courses
JYCSM-WB-139	Jatiya Yuva Computer Shaksharta Mission,Kapasdanga	Debasish Mitra	2 No.Kapasdanga,Hooghly,712103	Hooghly	West Bengal	All Type Of Computer Courses
JYCSM-WB-142	Rampurhat Jatiya Yuva Computer Shaksharta Mission	Prasenjit Mondal	Rampurhat,Lotus Press More,731224	Birbhum	West Bengal	All Type Of Computer Courses
JYCSM-WB-143	Shaikhpara Jatiya Yuva Computer Shaksharta Mission	Usuf Ali	Shaikhpara,742409	Murshidabad	West Bengal	All Type Of Computer Courses
JYCSM-WB-145	Jatiya Yuva Computer Shaksharta Mission Mathurapur	MD. Alisha	Mathurapur,Master Para,Near UBI Bank,732203	Malda	West Bengal	All Type Of Computer Courses
JYCSM-WB-146	Jatiya Yuva Computer Shaksharta Mission Gangarampur	Tapas Kumar Majumdar	Gangarampur,733124	Dakshin Dinajpur	West Bengal	All Type Of Computer Courses
JYCSM-AS-147	Bhadra Online Solutions	Debajit Bhadra	Bimolapur.Nagahat,Charaipung,785692	Sivasagar	Assam	All Type Of Computer Courses
JYCSM-WB-148	Jatiya Yuva Computer Shaksharta Mission,Cooch Behar	Dipti Poddar	Khagrabari Burirpat,Khagrabari,Cooch Behar,736179	Cooch Behar	West Bengal	All Type Of Computer Courses
JYCSM-WB-149	SWAGOTOM.COM	Parikshit Datta	45,Raja S.C.Mullick Road,Kolkata,Garia,700084	South 24 Parganas	West Bengal	All Type Of Computer Courses
JYCSM-WB-150	Jatiya Yuva Computer Shaksharta Mission,Tantigeria	Tuhin Sarkar	Tantigeria,Near Vidyasagar University,721102	Paschim Medinipur	West Bengal	All Type Of Computer Courses
JYCSM-WB-153	Nachipur Computer Academy	Arup Das	Nachipur,Keshiary,721133	Paschim Medinipur	West Bengal	All Type Of Computer Courses
JYCSM-WB-154	Dorpon Academy	Suman Ghosh	Kalikapur,Kanupat,Udaynarayanpur,711412	Howrah	West Bengal	All Type Of Computer Courses
JYCSM-WB-155	Jatiya Yuva Computer Shaksharta Mission Mankundu	Samit Guha Roy	Chanditala,Mankundu,712139	Hooghly	West Bengal	All Type Of Computer Courses
JYCSM-WB-156	Gopalnagar Jatiya Yuva Computer Shaksharta Mission	Pintu Paitandi	Gopalnagar,Manbazar,723128	Purulia	West Bengal	All Type Of Computer Courses
JYCSM-WB-157	Patuli Jatiya Yuva Computer Shaksharta Mission	Sumanta Halder	Patuli,Purbasthali,713512	Purba Bardhaman	West Bengal	All Type Of Computer Courses
JYCSM-WB-158	Jatiya Yuva Computer Shaksharta Mission,Manikora	Sanjit Pramanik	Manikora(Jajoil),Habibpur,Malda,732122	Malda	West Bengal	All Type Of Computer Courses
JYCSM-WB-161	Baruipur Jatiya Yuva Computer Shaksharta Mission	Eshita Patra & Jahir Sardar	Sajahan Road,3no Word,Baruipur,Kol-144	South 24 Parganas	West Bengal	All Type Of Computer Courses
JYCSM-WB-163	Fort Gloster Jatiya Yuva Computer Centre	Abir Jana	Fort Gloster,Bhasapara,Bauria,711305	Howrah	West Bengal	All Type Of Computer Courses
JYCSM-WB-164	J.P.Computer Learning Center	Satyajit Pati	Machatora,Simlapal	Bankura	West Bengal	All Type Of Computer Courses
JYCSM-WB-167	Mankar Jatiya Yuva Computer Shaksharta Mission	Sumanta Kr Das	Mankar Hattala More,713144	Purba Bardhaman	West Bengal	All Type Of Computer Courses
JYCSM-WB-168	Sandhipur Jatiya Yuva Computer Shaksharta Mission	Tapas Chattopadhyay	Sandhipur,Garbeta,721127	Paschim Medinipur	West Bengal	All Type Of Computer Courses
JYCSM-WB-169	JYCSM Tantipara,Dakshineswar	Sharmila Saha	43/J,Bidyayatan Sarani,Baranagar,Alambazar,700035	North 24 Parganas	West Bengal	All Type Of Computer Courses
JYCSM-WB-170	Jatiya Yuva Computer Shaksharta Mission,Chandipur	Kaustav Mondal	Chandipur,Mertala,Purbasthali,713513	Purba Bardhaman	West Bengal	All Type Of Computer Courses
JYCSM-WB-173	Webflex Consultancy Service Pvt Ltd	Sudip Datta Ray	2ND Floor,Moti Mahal,3No.Ghumti,Jalpaiguri,735101	Jalpaiguri	West Bengal	All Type Of Computer Courses
JYCSM-WB-174	Jatiya Yuva Computer Shaksharta Mission Dobandi	Susovan Roy	Dobandi,Tamluk,721647	Purba Medinipur	West Bengal	All Type Of Computer & University Courses
JYCSM-WB-175	Aiho Jatiya Yuva Computer Shaksharta Mission	Nayan Saha	Aiho,Malda,732121	Malda	West Bengal	All Type Of Computer Courses
JYCSM-WB-180	Success Computer Academy	Lokenath Paul	3 no Madhupaul Lane,Kolkata-700005	Kolkata	West Bengal	All Type Of Computer Courses
JYCSM-WB-181	Jatiya Yuva Computer Shaksharta Mission,Lakshmisagar	Lakshman Ch Sinha Mahapatra	Lakshmisagar,Bajrong Bali More,722160	Bankura	West Bengal	All Type Of Computer Courses
JYCSM-WB-182	Jatiya Yuva Computer Shaksharta Mission,Alipurduar	Subhajit Rauth Chowdhury	Madhob More (Opposite of GAS Office), Newtown Alipurduar, 736121	Alipurduar	West Bengal	All Type Of Computer Courses
JYCSM-WB-189	Infomarg Media Lab	Dilip jana	Panchani ,Taltala Rupasgori, Bagnan,711312	Howrah	West Bengal	All Type Of Computer Courses
JYCSM-WB-190	Jatiya Yuva Computer Shaksharta Mission,KusumGram Bazaar	Sk Kamrul Hoque	Kusumgram,713422	Purba Bardhaman	West Bengal	All Type Of Computer Courses
JYCSM-WB-192	Raina Jatiya Yuva Computer Shaksharta Mission	Rajnarayan Dan	Raina,713421	Purba Bardhaman	West Bengal	All Type Of Computer Courses
JYCSM-WB-194	Jatiya Yuva Computer Shaksharta Mission,Mejhiary	Esha Mallick	Mejhiary,Panjoa,Katwa,713143	Purba Bardhaman	West Bengal	All Type Of Computer Courses
JYCSM-WB-201	Jatiya Yuva Computer Shaksharta Mission Dunlop	Kamalesh Chakraborty & Mousumi Chakraborty	84,PWD Road,Dunlop,700108	North 24 Parganas	West Bengal	All Type Of Computer Courses
JYCSM-WB-205	Kanturka Jatiya Yuva Computer Shaksharta Mission	Sanjit Pramanik	Kanturka,Habibpur,732122	Malda	West Bengal	All Type Of Computer Courses
JYCSM-WB-208	Jatiya Yuva Computer Shaksharta Mission,Teghari	Uday Kumar Kundu	Teghari,Tarakeswar,712410	Hooghly	West Bengal	All Type Of Computer Courses
JYCSM-WB-210	Jamalpur Jatiya Yuva Computer Shaksharta Mission	Padma Kundu	Jamalpur(Jhulantala),713408	Purba Bardhaman	West Bengal	All Type Of Computer Courses
JYCSM-WB-216	Kunor Jatiya Yuva Computer Shaksharta Mission	Bimal Kumar Sarkar	Kunor,Kaliyaganj,733129	Uttar Dinajpur	West Bengal	All Type Of Computer Courses
JYCSM-WB-224	EDIT	Subhankar Ghosh	Kodalia,Bandel,712123	Hooghly	West Bengal	All Type Of Computer Courses
JYCSM-WB-225	Kaliachak Jatiya Yuva Computer Shaksharta Mission	MD Habibur Rahman	Kaliachak,Masterpara,732201	Malda	West Bengal	All Type Of Computer Courses
JYCSM-WB-227	Jatiya Yuva Computer Center,Bhaluka	Gourab Mandal	Bhaluka,732125	Malda	West Bengal	All Type Of Computer Courses
JYCSM-WB-228	Barasat Jatiya Yuva Computer Training Centre	Anshuman Das	Noapara,Arobinda Pally, Vidyasagar Road,Barasat,700124 (Near Barasat 5No. Platform)	North 24 Parganas	West Bengal	All Type Of Computer Courses
JYCSM-WB-229	Lily Foundation Computer Training Institute	Rajesh Patra	125/10/1,Chander Village Road,Haridevpur,Kolkata 700082	Kolkata	West Bengal	All Type Of Computer Courses
JYCSM-WB-230	Jatiya Yuva Computer Shaksharta Mission,Dhiruhaji	Swarup Roy	Dhiruhaji,Bad Sankair,Banial,Tapan,733127	Dakshin Dinajpur	West Bengal	All Type Of Computer Courses
JYCSM-WB-234	JYCSM,Sonachura Bazar	Debabrata Giri	Sonachura Bazar,Nandigram,721646	Purba Medinipur	West Bengal	All Type Of Computer Courses
JYCSM-WB-236	Mathabhanga Jatiya Yuva Computer Shaksharta Mission	Suparna Barman	Near, collage more, R N Road,Mathabhanga,736146	Cooch Behar	West Bengal	All Type Of Computer Courses
JYCSM-WB-238	Jamaldaha Jatiya Yuva Computer Shaksharta Mission	Rupam Dutta	Jamaldaha,Mekhliganj,735303	Cooch Behar	West Bengal	All Type Of Computer Courses
JYCSM-WB-239	Computronix	Shib Sankar Roy	Bakhrahat,Near Bakhrahat Girls School	South 24 Parganas	West Bengal	All Type Of Computer Courses
JYCSM-WB-240	Madhyamgram Jatiya Yuva Computer Shaksharta Mission	SK Kamrul Hoque	Madhyamgram Bazer.713422	Purba Bardhaman	West Bengal	All Type Of Computer Courses
JYCSM-WB-242	Rajnagar Jatiya Yuva Computer Shaksharta Mission	Ujjwal Bera	Rajnagar,721211	Paschim Medinipur	West Bengal	All Type Of Computer Courses
JYCSM-WB-244	Jatiya Yuva Computer Shaksharta Mission,Malda	Biswajit Majumdar	Aambazar(Near Bus Stand),Mokdumpur,English Bazar,732103	Malda	West Bengal	All Type Of Computer Courses
JYCSM-WB-245	Tufanganj Jatiya Yuva Computer Shaksharta Mission	Pratima Saha	Tufanganj,Dharer more,Netaji Athletic club 1st Floor,736160	Cooch Behar	West Bengal	All Type Of Computer Courses
JYCSM-WB-246	Soft-Net Computer Training Centre	Mithu Ata	Hoomgarh,Opposite Side of Hoomgarh Post Office,Goaltore,721157	Paschim Medinipur	West Bengal	All Type Of Computer Courses
JYCSM-WB-248	Jatiya Yuva Computer Shaksharta Mission,Barabelun	Chandan Dutta	Barabelun,Bhatar,713125	Purba Bardhaman	West Bengal	All Type Of Computer Courses
JYCSM-WB-253	Jatiya Yuva Computer Shaksharta Mission,Nayagram	Arup Das	Kharika Mathani,Nayagram,721159	Jhargram	West Bengal	All Type Of Computer Courses
JYCSM-WB-257	Patiram Jatiya Yuva Computer Shaksharta Mission	Arup Mondal	Patiram,Amtala,Balurghat,733133	Dakshin Dinajpur	West Bengal	All Type Of Computer Courses
JYCSM-WB-258	Srishti Academy	Pallab Naskar	Alida,Magrahat,743355	South 24 Parganas	West Bengal	All Type Of Computer Courses
JYCSM-WB-261	Fului Jatiya Yuva Computer Shaksharta Mission	Satyanarayan Sarkar	Fului,Goghat. 712122	Hooghly	West Bengal	All Type Of Computer Courses
JYCSM-AS-263	Jatiya Yuva Computer Shaksharta Mission,Chandighat	Sachin Satnami	Chandighat T.E, Udharbond,788030	Cachar	Assam	All Type Of Computer Courses
JYCSM-AS-264	Jatiya Yuva Computer Shaksharta Mission,Kalaigaon	Golam Nabi Azad	No-2 Singrimari,Kalaigaon,784525	Udalguri	Assam	All Type Of Computer Courses
JYCSM-ML-266	Jatiya Yuva Computer Shaksharta Mission,Rajabala	Amit H Prodhany	Rajabala Selsella Tiniali,794104	West Garo Hills	Meghalaya	All Type Of Computer Courses
JYCSM-WB-267	Jatiya Yuva Computer Shaksharta Mission,Sultanpur	Bhayankar Brahma	Sultanpur,Hat Sultanpur,Khargapur,721149	Paschim Medinipur	West Bengal	All Type Of Computer Courses
JYCSM-WB-271	Jatiya Yuva Computer Shaksharta Mission,Bagdi Para	Dipanwita Bhattacharjee	H.C.Sarkar Road,Bagdi Para,Krishanager,741101	Nadia	West Bengal	All Type Of Computer Courses
JYCSM-AS-272	Bright Infotech computer Institute	Himalay Narzary	No2 Lotamari FV ,Jaleswari,Kachugaon,783350	Kokrajhar	Assam	All Type Of Computer Courses
JYCSM-WB-274	Kopai Jatiya Yuva Computer Shaksharta Mission	Subhendu Ghosh	Kopai,Kadamtala,Bolpur,731204	Birbhum	West Bengal	All Type Of Computer Courses
JYCSM-WB-275	Jatiya Yuva Computer Shaksharta Mission,Jirat	Ranjit Chakraborty	Jirat(Neplarmath),Balagarh,712501	Hooghly	West Bengal	All Type Of Computer Courses
JYCSM-AS-279	Jatiya Yuva Computer Shaksharta Mission,Silchar	Bikramjit Nath	H -34,Vivekananda Road,Near Puja Bari,Silchar,788007	Cachar	Assam	All Type Of Computer Courses
JYCSM-WB-281	Ikeworld Institute	Ashirul Mondal	C1-43/1/24/NEW, Santoshpur Road-1,Bidhangarh,700066,	Kolkata	West Bengal	All Type Of Computer Courses
JYCSM-WB-282	Chaipat Jatiya Yuva Computer Shaksharta Mission	Debabrata Seth	Chaipat,721148	Paschim Medinipur	West Bengal	All Type Of Computer Courses
JYCSM-AS-284	Jatiya Yuva Computer Shaksharta Mission,Kharikhana	Kanhaiya Chauhan	Kharikhana Market,Kharikhana,Lanka,782446	Nagaon	Assam	All Type Of Computer Courses
JYCSM-WB-286	Jatiya Yuva Computer Shaksharta Mission,Jadavpur	SK Jamirul	Jadavpur,Sattore,Panrui,731236	Birbhum	West Bengal	All Type Of Computer Courses
JYCSM-WB-287	Smart Institute of Professional Training (S.I.P.T.)	Subhabrata Kasyapi	133/1,Siraj Mondal Road,Kanchrapara,743145	North 24 Parganas	West Bengal	All Type Of Computer Courses
JYCSM-AS-288	Lifeline Computer Education Centre & Development Society	Rokibul Islam Sheikh	Shalbari Part-1,Lakhipur,783129	Goalpara	Assam	All Type Of Computer Courses
JYCSM-WB-290	Routh Infotech	Debasish Routh	Talbagicha,Kharagpur,721306	Paschim Medinipur	West Bengal	All Type Of Computer Courses
JYCSM-WB-291	Jatiya Yuva Computer Shaksharta Mission,Farakka	Sukanta Mondal	Farakka,Ghoraipara,Srimantapur,742212	Murshidabad	West Bengal	All Type Of Computer Courses
JYCSM-WB-293	Sreepalli Bazar JYCSM	Azad Rahaman	Sreepalli Bazar,Gopalnagar,743262	North 24 Parganas	West Bengal	All Type Of Computer Courses
JYCSM-WB-297	Gourab Educare	Gourab Roy Choudhury	Churipatty,Jiaganj,742123	Murshidabad	West Bengal	All Type Of Computer Courses
JYCSM-WB-298	Muskipur Jatiya Yuva Computer Shaksharta Mission	Gourav Malakar	Muskipur,Baragram,Harirampur,733128	Dakshin Dinajpur	West Bengal	All Type Of Computer Courses
JYCSM-WB-301	Annex Computer Center	Mrinal Kanti Ghosh	Sripur,712612	Hooghly	West Bengal	All Type Of Computer Courses
JYCSM-WB-302	Harinavi Jatiya Yuva Computer Shaksharta Mission	Shibesh Kundu	Harinavi,Sonarpur,Kol-148	South 24 Parganas	West Bengal	All Type Of Computer Courses
JYCSM-WB-304	Jatiya Yuva Computer Shaksharta Mission Kalinagar	Raju Sardar	Kalinagar Hat,Nazat,743442	North 24 Parganas	West Bengal	All Type Of Computer Courses
JYCSM-WB-306	Aranghata Lions Computer Training Centre	Amiya Biswas	Sabdalpur,Purba Aranghata,741501	Nadia	West Bengal	All Type Of Computer Courses
JYCSM-WB-307	Jatiya Yuva Computer Shaksharta Mission Munshirhat	Rajesh Khan	Munshirhat,Kharda Brahmanpara,Near Merry Gold school, Beside Kali Mandir. 711410	Howrah	West Bengal	All Type Of Computer Courses
JYCSM-WB-309	Jatiya Yuva Computer Shaksharta Mission,Namkhana	Anukul Maity	Namkhana,Kakdwip,743357	South 24 Parganas	West Bengal	All Type Of Computer Courses
JYCSM-WB-311	Kadamtala Jatiya Yuva Computer Shaksharta Mission	Tuhina Kolay	166/2,Belilious Road,Kadamtala	Howrah	West Bengal	All Type Of Computer Courses
JYCSM-WB-315	Jatiya Yuva Computer Shaksharta Mission,Malighati	Subhas Pramanik	Malighati,Debra,721211	Paschim Medinipur	West Bengal	All Type Of Computer Courses
JYCSM-WB-316	Global Icon Computer Center	Suman kr. Dhawa	Gopalnagar,Harhariya,Singur,712409	Hooghly	West Bengal	All Type Of Computer Courses
JYCSM-WB-317	Ashoknagar Jatiya Yuva Computer Shaksharta Mission	Bikash Karmakar	Ashoknagar 8no.Kalibari More,743222	North 24 Parganas	West Bengal	All Type Of Computer Courses
JYCSM-WB-318	Paradise Computer Training Centre	Md Ibrahim Molla,Jahangir Mondal & Sabina parvin	Hamadama,Hadipur,Deganga,743424	North 24 Parganas	West Bengal	All Type Of Computer Courses
JYCSM-WB-321	Dhaniakhali Jatiya Yuva Computer Shaksharta Mission	Priya Mukhopadhyay	Madanmohantala,Dhaniakhali,712302	Hooghly	West Bengal	All Type Of Computer Courses
JYCSM-WB-323	Jatiya Yuva Computer Shaksharta Mission,Canning	Sanjib Sardar	K C Garden,Canning,7 No.Dighirpar,743329,	South 24 Parganas	West Bengal	All Type Of Computer Courses
JYCSM-WB-324	Champahati Jatiya Yuva Computer Shaksharta Mission	Sujoy Chakraborty	Champahati,743330	South 24 Parganas	West Bengal	All Type Of Computer Courses
JYCSM-WB-327	Adhikari Online Poriseva	Sujan Adhikari	Teltoka,Satbankura,Garhbeta,721253	Paschim Medinipur	West Bengal	All Type Of Computer Courses
JYCSM-WB-328	Jatiya Yuva Computer Shaksharta Mission,Budbud	Sumanta Kr Das	Budbud, G.T.Road,Opp- Bharat Gas,713403	Purba Bardhaman	West Bengal	All Type Of Computer Courses
JYCSM-WB-329	Ramkrishnapur JYCSM	Rahul Mukherjee	Ramkrishnapur,Near Janakalyan Samity,Barasat,700124	North 24 Parganas	West Bengal	All Type Of Computer Courses
JYCSM-WB-330	Abhirampur Jatiya Yuva Computer Shaksharta Mission	Sumanta Kr. Das	Abhirampur,Gushkara Road,713144	Purba Bardhaman	West Bengal	All Type Of Computer Courses
JYCSM-WB-331	NCLD IT Institute	Sanjay Dolai	Mansuka,Ghatal	Paschim Medinipur	West Bengal	All Type Of Computer Courses
JYCSM-AR-332	Jatiya Yuva Computer Shaksharta Mission,Lekhi Village	Ikramul Hussain	Lekhi village, naharlagun, 791110	Papum Pare	Arunachal Pradesh	All Type Of Computer Courses
JYCSM-WB-333	Jatiya Yuva Computer Shaksharta Mission,Galsi	Sudipta Dey	Galsi,713406	Purba Bardhaman	West Bengal	All Type Of Computer Courses
JYCSM-WB-334	Prastuti Education	Krishna Prasad Sau & Pranabesh Dolai	Basulia,(Near Mahishadal Hospital More),721628	Purba Medinipur	West Bengal	All Type Of Computer Courses
JYCSM-WB-335	Jatiya Yuva Computer Shaksharta Mission,Simultala	Subhadeep Basu	Barasat,Simultala,Srikrishnapur,700124	North 24 Parganas	West Bengal	All Type Of Computer Courses
JYCSM-WB-336	Mua Lipika's Makeup Studio & Academy	Lipika Samanta Sarkar	36/3,Vivekananda Sarani 1,North Rania,Boral,Narendrapur,700154	South 24 Parganas	West Bengal	All Type Of Computer Courses
JYCSM-WB-337	Dhubulia Jatiya Yuva Computer Shaksharta Mission	Nadira Akhter Banu	Dhubulia Battala,Near Railway Station	Nadia	West Bengal	All Type Of Computer Courses
JYCSM-WB-338	Nanoor Jatiya Yuva Computer Shaksharta Mission	Aparna Rani Ghosh	Nanoor,731301	Birbhum	West Bengal	All Type Of Computer Courses
JYCSM-WB-339	Bhadutala Jatiya Yuva Computer Training Institute	Manas Pal	Kalaberya Bhadutala,Salboni,721129	Paschim Medinipur	West Bengal	All Type Of Computer Courses
JYCSM-WB-340	Jatiya Yuva Computer Shaksharta Mission,Panishala	Azruba Parveen	Krishnamuri,Panishala Hat,Raiganj,733134	Uttar Dinajpur	West Bengal	All Type Of Computer Courses
JYCSM-WB-341	Mangalbari Jatiya Yuva Computer Shaksharta Mission	Bipul kr Kundu	Old Malda Road,Mangalbari.	Malda	West Bengal	All Type Of Computer Courses
JYCSM-WB-342	Jatiya Yuva Computer Shaksharta Mission,Hansra	SK Ajharul	Hansra,Panrui,731214	Birbhum	West Bengal	All Type Of Computer Courses
JYCSM-WB-343	Jatiya Yuva Computer Shaksharta Mission,Rajbandh	Sumanta Patar	Rajbandh,Kanksa,Durgapur,713212	Paschim Bardhaman	West Bengal	All Type Of Computer Courses
JYCSM-WB-344	Rise Computer Lab	Sk Nazibul Haque	Jagadishpur,Uluberia,711315	Howrah	West Bengal	All Type Of Computer Courses
JYCSM-WB-345	Jatiya Yuva Computer Shaksharta Mission,Gopinathpur	Hero Mondal	Gopinathpur,Palashipara,741155	Nadia	West Bengal	All Type Of Computer Courses
JYCSM-JHK-346	Jatiya Yuva Computer Shaksharta Mission,Maldiha	Biplab Mondal	Maldiha,Nala Jamtara,815355	Jamtara	Jharkhand	All Type Of Computer Courses
JYCSM-WB-347	Jatiya Yuva Computer Shaksharta Mission,Dogachhi	Sukanta Chakraborti	Dogachhi,Krishnanagar,741102	Nadia	West Bengal	All Type Of Computer Courses
JYCSM-WB-348	Jatiya Yuva Computer Shaksharta Mission,Manirampur	Mrinmoy Pradhan	Manirampur,Doro-Krishnanagar,Sutahata,721635	Purba Medinipur	West Bengal	All Type Of Computer Courses
JYCSM-WB-349	Jatiya Yuva Computer Shaksharta Mission,Raiganj Town	Surajit Mandal	Raiganj,733134	Uttar Dinajpur	West Bengal	All Type Of Computer Courses
JYCSM-WB-350	Anur Jatiya Yuva Computer Shaksharta Mission	Manas Dey	Anur,Goghat	Hooghly	West Bengal	All Type Of Computer Courses
